National_Code,Standard_Material_Name,Category,CPSE,Standard_UOM,Total_Qty_In_Stock,Total_Surplus_Available,Has_Surplus,Demand_Exchange_Status
NAT-PPE-5003,Industrial Safety Helmet Yellow ISI,Safety,ONGC,EA,95574,85256,YES,READY TO SHARE
NAT-PPE-5003,Industrial Safety Helmet Yellow ISI,Safety,IOCL,EA,73503,64126,YES,READY TO SHARE
NAT-PPE-5003,Industrial Safety Helmet Yellow ISI,Safety,BPCL,EA,151511,136482,YES,READY TO SHARE
NAT-PPE-5003,Industrial Safety Helmet Yellow ISI,Safety,GAIL,EA,91448,78624,YES,READY TO SHARE
NAT-PPE-5003,Industrial Safety Helmet Yellow ISI,Safety,OIL,EA,122783,109324,YES,READY TO SHARE
NAT-PPE-5003,Industrial Safety Helmet Yellow ISI,Safety,NTPC,EA,84598,76501,YES,READY TO SHARE
NAT-PPE-5003,Industrial Safety Helmet Yellow ISI,Safety,POWERGRID,EA,128714,115447,YES,READY TO SHARE
NAT-PPE-5003,Industrial Safety Helmet Yellow ISI,Safety,NHPC,EA,91732,82750,YES,READY TO SHARE
NAT-PPE-5003,Industrial Safety Helmet Yellow ISI,Safety,SJVN,EA,164675,149076,YES,READY TO SHARE
NAT-PPE-5003,Industrial Safety Helmet Yellow ISI,Safety,SAIL,EA,111170,100115,YES,READY TO SHARE
NAT-PPE-5003,Industrial Safety Helmet Yellow ISI,Safety,RINL,EA,126027,111507,YES,READY TO SHARE
NAT-PPE-5003,Industrial Safety Helmet Yellow ISI,Safety,NMDC_STEEL,EA,84415,73006,YES,READY TO SHARE
NAT-PPE-5003,Industrial Safety Helmet Yellow ISI,Safety,COAL_INDIA,EA,157722,140068,YES,READY TO SHARE
NAT-PPE-5003,Industrial Safety Helmet Yellow ISI,Safety,NMDC,EA,43476,37376,YES,READY TO SHARE
NAT-PPE-5003,Industrial Safety Helmet Yellow ISI,Safety,NALCO,EA,129995,114361,YES,READY TO SHARE
NAT-PPE-5003,Industrial Safety Helmet Yellow ISI,Safety,HCL,EA,136990,121935,YES,READY TO SHARE
NAT-PPE-5003,Industrial Safety Helmet Yellow ISI,Safety,BHEL,EA,215545,195082,YES,READY TO SHARE
NAT-PPE-5003,Industrial Safety Helmet Yellow ISI,Safety,BEML,EA,140103,124283,YES,READY TO SHARE
NAT-PPE-5003,Industrial Safety Helmet Yellow ISI,Safety,GRSE,EA,129273,113616,YES,READY TO SHARE
NAT-MEC-1001,SKF Deep Groove Ball Bearing 6205,Mechanical,ONGC,EA,152855,138480,YES,READY TO SHARE
NAT-MEC-1001,SKF Deep Groove Ball Bearing 6205,Mechanical,IOCL,EA,72297,64248,YES,READY TO SHARE
NAT-MEC-1001,SKF Deep Groove Ball Bearing 6205,Mechanical,BPCL,EA,144720,128346,YES,READY TO SHARE
NAT-MEC-1001,SKF Deep Groove Ball Bearing 6205,Mechanical,GAIL,EA,130889,118780,YES,READY TO SHARE
NAT-MEC-1001,SKF Deep Groove Ball Bearing 6205,Mechanical,OIL,EA,85639,75349,YES,READY TO SHARE
NAT-MEC-1001,SKF Deep Groove Ball Bearing 6205,Mechanical,NTPC,EA,67631,61323,YES,READY TO SHARE
NAT-MEC-1001,SKF Deep Groove Ball Bearing 6205,Mechanical,POWERGRID,EA,151995,136431,YES,READY TO SHARE
NAT-MEC-1001,SKF Deep Groove Ball Bearing 6205,Mechanical,NHPC,EA,63816,56292,YES,READY TO SHARE
NAT-MEC-1001,SKF Deep Groove Ball Bearing 6205,Mechanical,SJVN,EA,178582,161393,YES,READY TO SHARE
NAT-MEC-1001,SKF Deep Groove Ball Bearing 6205,Mechanical,SAIL,EA,72134,62634,YES,READY TO SHARE
NAT-MEC-1001,SKF Deep Groove Ball Bearing 6205,Mechanical,RINL,EA,119486,106339,YES,READY TO SHARE
NAT-MEC-1001,SKF Deep Groove Ball Bearing 6205,Mechanical,NMDC_STEEL,EA,133768,122066,YES,READY TO SHARE
NAT-MEC-1001,SKF Deep Groove Ball Bearing 6205,Mechanical,COAL_INDIA,EA,129470,116234,YES,READY TO SHARE
NAT-MEC-1001,SKF Deep Groove Ball Bearing 6205,Mechanical,NMDC,EA,77342,69780,YES,READY TO SHARE
NAT-MEC-1001,SKF Deep Groove Ball Bearing 6205,Mechanical,NALCO,EA,164145,145843,YES,READY TO SHARE
NAT-MEC-1001,SKF Deep Groove Ball Bearing 6205,Mechanical,HCL,EA,189143,170734,YES,READY TO SHARE
NAT-MEC-1001,SKF Deep Groove Ball Bearing 6205,Mechanical,BHEL,EA,142109,126866,YES,READY TO SHARE
NAT-MEC-1001,SKF Deep Groove Ball Bearing 6205,Mechanical,BEML,EA,155657,138023,YES,READY TO SHARE
NAT-MEC-1001,SKF Deep Groove Ball Bearing 6205,Mechanical,GRSE,EA,145830,130081,YES,READY TO SHARE
NAT-PPE-5002,Safety Shoes Leather Steel Toe Size 10,Safety,ONGC,PRS,117943,105688,YES,READY TO SHARE
NAT-PPE-5002,Safety Shoes Leather Steel Toe Size 10,Safety,IOCL,PRS,90014,79532,YES,READY TO SHARE
NAT-PPE-5002,Safety Shoes Leather Steel Toe Size 10,Safety,BPCL,PRS,183557,166154,YES,READY TO SHARE
NAT-PPE-5002,Safety Shoes Leather Steel Toe Size 10,Safety,GAIL,PRS,103804,91222,YES,READY TO SHARE
NAT-PPE-5002,Safety Shoes Leather Steel Toe Size 10,Safety,OIL,PRS,97370,86042,YES,READY TO SHARE
NAT-PPE-5002,Safety Shoes Leather Steel Toe Size 10,Safety,NTPC,PRS,61267,54439,YES,READY TO SHARE
NAT-PPE-5002,Safety Shoes Leather Steel Toe Size 10,Safety,POWERGRID,PRS,134281,119034,YES,READY TO SHARE
NAT-PPE-5002,Safety Shoes Leather Steel Toe Size 10,Safety,NHPC,PRS,79607,73021,YES,READY TO SHARE
NAT-PPE-5002,Safety Shoes Leather Steel Toe Size 10,Safety,SJVN,PRS,189959,169949,YES,READY TO SHARE
NAT-PPE-5002,Safety Shoes Leather Steel Toe Size 10,Safety,SAIL,PRS,113345,100956,YES,READY TO SHARE
NAT-PPE-5002,Safety Shoes Leather Steel Toe Size 10,Safety,RINL,PRS,111025,97509,YES,READY TO SHARE
NAT-PPE-5002,Safety Shoes Leather Steel Toe Size 10,Safety,NMDC_STEEL,PRS,97383,87119,YES,READY TO SHARE
NAT-PPE-5002,Safety Shoes Leather Steel Toe Size 10,Safety,COAL_INDIA,PRS,115968,103625,YES,READY TO SHARE
NAT-PPE-5002,Safety Shoes Leather Steel Toe Size 10,Safety,NMDC,PRS,65432,57762,YES,READY TO SHARE
NAT-PPE-5002,Safety Shoes Leather Steel Toe Size 10,Safety,NALCO,PRS,177256,158133,YES,READY TO SHARE
NAT-PPE-5002,Safety Shoes Leather Steel Toe Size 10,Safety,HCL,PRS,166501,150205,YES,READY TO SHARE
NAT-PPE-5002,Safety Shoes Leather Steel Toe Size 10,Safety,BHEL,PRS,168043,148366,YES,READY TO SHARE
NAT-PPE-5002,Safety Shoes Leather Steel Toe Size 10,Safety,BEML,PRS,171471,152326,YES,READY TO SHARE
NAT-PPE-5002,Safety Shoes Leather Steel Toe Size 10,Safety,GRSE,PRS,108250,95408,YES,READY TO SHARE
NAT-MEC-1002,Timken Tapered Roller Bearing 32210,Mechanical,ONGC,EA,88532,75843,YES,READY TO SHARE
NAT-MEC-1002,Timken Tapered Roller Bearing 32210,Mechanical,IOCL,EA,106455,95444,YES,READY TO SHARE
NAT-MEC-1002,Timken Tapered Roller Bearing 32210,Mechanical,BPCL,EA,151379,135459,YES,READY TO SHARE
NAT-MEC-1002,Timken Tapered Roller Bearing 32210,Mechanical,GAIL,EA,159082,142270,YES,READY TO SHARE
NAT-MEC-1002,Timken Tapered Roller Bearing 32210,Mechanical,OIL,EA,180911,162757,YES,READY TO SHARE
NAT-MEC-1002,Timken Tapered Roller Bearing 32210,Mechanical,NTPC,EA,53827,48429,YES,READY TO SHARE
NAT-MEC-1002,Timken Tapered Roller Bearing 32210,Mechanical,POWERGRID,EA,110915,97864,YES,READY TO SHARE
NAT-MEC-1002,Timken Tapered Roller Bearing 32210,Mechanical,NHPC,EA,55158,49445,YES,READY TO SHARE
NAT-MEC-1002,Timken Tapered Roller Bearing 32210,Mechanical,SJVN,EA,140068,122980,YES,READY TO SHARE
NAT-MEC-1002,Timken Tapered Roller Bearing 32210,Mechanical,SAIL,EA,90746,81375,YES,READY TO SHARE
NAT-MEC-1002,Timken Tapered Roller Bearing 32210,Mechanical,RINL,EA,142735,127956,YES,READY TO SHARE
NAT-MEC-1002,Timken Tapered Roller Bearing 32210,Mechanical,NMDC_STEEL,EA,90688,80044,YES,READY TO SHARE
NAT-MEC-1002,Timken Tapered Roller Bearing 32210,Mechanical,COAL_INDIA,EA,136019,123092,YES,READY TO SHARE
NAT-MEC-1002,Timken Tapered Roller Bearing 32210,Mechanical,NMDC,EA,62058,55738,YES,READY TO SHARE
NAT-MEC-1002,Timken Tapered Roller Bearing 32210,Mechanical,NALCO,EA,130724,116537,YES,READY TO SHARE
NAT-MEC-1002,Timken Tapered Roller Bearing 32210,Mechanical,HCL,EA,127924,114582,YES,READY TO SHARE
NAT-MEC-1002,Timken Tapered Roller Bearing 32210,Mechanical,BHEL,EA,141478,125720,YES,READY TO SHARE
NAT-MEC-1002,Timken Tapered Roller Bearing 32210,Mechanical,BEML,EA,178742,159737,YES,READY TO SHARE
NAT-MEC-1002,Timken Tapered Roller Bearing 32210,Mechanical,GRSE,EA,119073,104199,YES,READY TO SHARE
NAT-PVF-3005,Ball Valve Stainless Steel 1 inch Threaded,Valves,ONGC,EA,105585,94116,YES,READY TO SHARE
NAT-PVF-3005,Ball Valve Stainless Steel 1 inch Threaded,Valves,IOCL,EA,63992,56594,YES,READY TO SHARE
NAT-PVF-3005,Ball Valve Stainless Steel 1 inch Threaded,Valves,BPCL,EA,178372,158492,YES,READY TO SHARE
NAT-PVF-3005,Ball Valve Stainless Steel 1 inch Threaded,Valves,GAIL,EA,140621,125463,YES,READY TO SHARE
NAT-PVF-3005,Ball Valve Stainless Steel 1 inch Threaded,Valves,OIL,EA,104996,94116,YES,READY TO SHARE
NAT-PVF-3005,Ball Valve Stainless Steel 1 inch Threaded,Valves,NTPC,EA,56415,49646,YES,READY TO SHARE
NAT-PVF-3005,Ball Valve Stainless Steel 1 inch Threaded,Valves,POWERGRID,EA,127646,114733,YES,READY TO SHARE
NAT-PVF-3005,Ball Valve Stainless Steel 1 inch Threaded,Valves,NHPC,EA,94625,85177,YES,READY TO SHARE
NAT-PVF-3005,Ball Valve Stainless Steel 1 inch Threaded,Valves,SJVN,EA,150321,133614,YES,READY TO SHARE
NAT-PVF-3005,Ball Valve Stainless Steel 1 inch Threaded,Valves,SAIL,EA,105210,95591,YES,READY TO SHARE
NAT-PVF-3005,Ball Valve Stainless Steel 1 inch Threaded,Valves,RINL,EA,157242,140641,YES,READY TO SHARE
NAT-PVF-3005,Ball Valve Stainless Steel 1 inch Threaded,Valves,NMDC_STEEL,EA,124008,111616,YES,READY TO SHARE
NAT-PVF-3005,Ball Valve Stainless Steel 1 inch Threaded,Valves,COAL_INDIA,EA,169475,154752,YES,READY TO SHARE
NAT-PVF-3005,Ball Valve Stainless Steel 1 inch Threaded,Valves,NMDC,EA,42248,35959,YES,READY TO SHARE
NAT-PVF-3005,Ball Valve Stainless Steel 1 inch Threaded,Valves,NALCO,EA,123349,108206,YES,READY TO SHARE
NAT-PVF-3005,Ball Valve Stainless Steel 1 inch Threaded,Valves,HCL,EA,158332,141078,YES,READY TO SHARE
NAT-PVF-3005,Ball Valve Stainless Steel 1 inch Threaded,Valves,BHEL,EA,149793,137792,YES,READY TO SHARE
NAT-PVF-3005,Ball Valve Stainless Steel 1 inch Threaded,Valves,BEML,EA,126669,112650,YES,READY TO SHARE
NAT-PVF-3005,Ball Valve Stainless Steel 1 inch Threaded,Valves,GRSE,EA,114628,102077,YES,READY TO SHARE
NAT-FAS-2001,Hex Bolt High Strength M12 x 50mm,Fasteners,ONGC,NOS,104911,95133,YES,READY TO SHARE
NAT-FAS-2001,Hex Bolt High Strength M12 x 50mm,Fasteners,IOCL,NOS,123694,110415,YES,READY TO SHARE
NAT-FAS-2001,Hex Bolt High Strength M12 x 50mm,Fasteners,BPCL,NOS,212965,193281,YES,READY TO SHARE
NAT-FAS-2001,Hex Bolt High Strength M12 x 50mm,Fasteners,GAIL,NOS,117784,103235,YES,READY TO SHARE
NAT-FAS-2001,Hex Bolt High Strength M12 x 50mm,Fasteners,OIL,NOS,105832,93604,YES,READY TO SHARE
NAT-FAS-2001,Hex Bolt High Strength M12 x 50mm,Fasteners,NTPC,NOS,64133,57284,YES,READY TO SHARE
NAT-FAS-2001,Hex Bolt High Strength M12 x 50mm,Fasteners,POWERGRID,NOS,129018,115761,YES,READY TO SHARE
NAT-FAS-2001,Hex Bolt High Strength M12 x 50mm,Fasteners,NHPC,NOS,62913,55935,YES,READY TO SHARE
NAT-FAS-2001,Hex Bolt High Strength M12 x 50mm,Fasteners,SJVN,NOS,178333,158897,YES,READY TO SHARE
NAT-FAS-2001,Hex Bolt High Strength M12 x 50mm,Fasteners,SAIL,NOS,84963,75865,YES,READY TO SHARE
NAT-FAS-2001,Hex Bolt High Strength M12 x 50mm,Fasteners,RINL,NOS,138364,124565,YES,READY TO SHARE
NAT-FAS-2001,Hex Bolt High Strength M12 x 50mm,Fasteners,NMDC_STEEL,NOS,129014,117033,YES,READY TO SHARE
NAT-FAS-2001,Hex Bolt High Strength M12 x 50mm,Fasteners,COAL_INDIA,NOS,199524,179916,YES,READY TO SHARE
NAT-FAS-2001,Hex Bolt High Strength M12 x 50mm,Fasteners,NMDC,NOS,69190,61355,YES,READY TO SHARE
NAT-FAS-2001,Hex Bolt High Strength M12 x 50mm,Fasteners,NALCO,NOS,159020,142519,YES,READY TO SHARE
NAT-FAS-2001,Hex Bolt High Strength M12 x 50mm,Fasteners,HCL,NOS,134251,118499,YES,READY TO SHARE
NAT-FAS-2001,Hex Bolt High Strength M12 x 50mm,Fasteners,BHEL,NOS,129320,113816,YES,READY TO SHARE
NAT-FAS-2001,Hex Bolt High Strength M12 x 50mm,Fasteners,BEML,NOS,165280,146555,YES,READY TO SHARE
NAT-FAS-2001,Hex Bolt High Strength M12 x 50mm,Fasteners,GRSE,NOS,146470,131656,YES,READY TO SHARE
NAT-PPE-5004,Leather Welding Gloves 14 inch,Safety,ONGC,PRS,133469,119813,YES,READY TO SHARE
NAT-PPE-5004,Leather Welding Gloves 14 inch,Safety,IOCL,PRS,134411,119521,YES,READY TO SHARE
NAT-PPE-5004,Leather Welding Gloves 14 inch,Safety,BPCL,PRS,149009,133281,YES,READY TO SHARE
NAT-PPE-5004,Leather Welding Gloves 14 inch,Safety,GAIL,PRS,175323,159089,YES,READY TO SHARE
NAT-PPE-5004,Leather Welding Gloves 14 inch,Safety,OIL,PRS,149895,136390,YES,READY TO SHARE
NAT-PPE-5004,Leather Welding Gloves 14 inch,Safety,NTPC,PRS,89424,79752,YES,READY TO SHARE
NAT-PPE-5004,Leather Welding Gloves 14 inch,Safety,POWERGRID,PRS,129818,114969,YES,READY TO SHARE
NAT-PPE-5004,Leather Welding Gloves 14 inch,Safety,NHPC,PRS,72734,64287,YES,READY TO SHARE
NAT-PPE-5004,Leather Welding Gloves 14 inch,Safety,SJVN,PRS,152072,138627,YES,READY TO SHARE
NAT-PPE-5004,Leather Welding Gloves 14 inch,Safety,SAIL,PRS,122332,110141,YES,READY TO SHARE
NAT-PPE-5004,Leather Welding Gloves 14 inch,Safety,RINL,PRS,121041,108372,YES,READY TO SHARE
NAT-PPE-5004,Leather Welding Gloves 14 inch,Safety,NMDC_STEEL,PRS,103960,93879,YES,READY TO SHARE
NAT-PPE-5004,Leather Welding Gloves 14 inch,Safety,COAL_INDIA,PRS,127348,113142,YES,READY TO SHARE
NAT-PPE-5004,Leather Welding Gloves 14 inch,Safety,NMDC,PRS,48477,40816,YES,READY TO SHARE
NAT-PPE-5004,Leather Welding Gloves 14 inch,Safety,NALCO,PRS,147929,134878,YES,READY TO SHARE
NAT-PPE-5004,Leather Welding Gloves 14 inch,Safety,HCL,PRS,136365,121967,YES,READY TO SHARE
NAT-PPE-5004,Leather Welding Gloves 14 inch,Safety,BHEL,PRS,106155,93938,YES,READY TO SHARE
NAT-PPE-5004,Leather Welding Gloves 14 inch,Safety,BEML,PRS,152124,136242,YES,READY TO SHARE
NAT-PPE-5004,Leather Welding Gloves 14 inch,Safety,GRSE,PRS,147472,131409,YES,READY TO SHARE
NAT-ELE-4001,Copper Cable 4 Core 16 sqmm Armoured,Electrical,ONGC,MTR,96043,85691,YES,READY TO SHARE
NAT-ELE-4001,Copper Cable 4 Core 16 sqmm Armoured,Electrical,IOCL,MTR,101109,90111,YES,READY TO SHARE
NAT-ELE-4001,Copper Cable 4 Core 16 sqmm Armoured,Electrical,BPCL,MTR,164723,145787,YES,READY TO SHARE
NAT-ELE-4001,Copper Cable 4 Core 16 sqmm Armoured,Electrical,GAIL,MTR,102110,90471,YES,READY TO SHARE
NAT-ELE-4001,Copper Cable 4 Core 16 sqmm Armoured,Electrical,OIL,MTR,117551,104071,YES,READY TO SHARE
NAT-ELE-4001,Copper Cable 4 Core 16 sqmm Armoured,Electrical,NTPC,MTR,108374,97968,YES,READY TO SHARE
NAT-ELE-4001,Copper Cable 4 Core 16 sqmm Armoured,Electrical,POWERGRID,MTR,143097,126198,YES,READY TO SHARE
NAT-ELE-4001,Copper Cable 4 Core 16 sqmm Armoured,Electrical,NHPC,MTR,108609,98097,YES,READY TO SHARE
NAT-ELE-4001,Copper Cable 4 Core 16 sqmm Armoured,Electrical,SJVN,MTR,175637,156186,YES,READY TO SHARE
NAT-ELE-4001,Copper Cable 4 Core 16 sqmm Armoured,Electrical,SAIL,MTR,104697,94205,YES,READY TO SHARE
NAT-ELE-4001,Copper Cable 4 Core 16 sqmm Armoured,Electrical,RINL,MTR,144955,132978,YES,READY TO SHARE
NAT-ELE-4001,Copper Cable 4 Core 16 sqmm Armoured,Electrical,NMDC_STEEL,MTR,123045,110989,YES,READY TO SHARE
NAT-ELE-4001,Copper Cable 4 Core 16 sqmm Armoured,Electrical,COAL_INDIA,MTR,172934,154391,YES,READY TO SHARE
NAT-ELE-4001,Copper Cable 4 Core 16 sqmm Armoured,Electrical,NMDC,MTR,49557,42532,YES,READY TO SHARE
NAT-ELE-4001,Copper Cable 4 Core 16 sqmm Armoured,Electrical,NALCO,MTR,151131,134166,YES,READY TO SHARE
NAT-ELE-4001,Copper Cable 4 Core 16 sqmm Armoured,Electrical,HCL,MTR,159987,143727,YES,READY TO SHARE
NAT-ELE-4001,Copper Cable 4 Core 16 sqmm Armoured,Electrical,BHEL,MTR,92632,82487,YES,READY TO SHARE
NAT-ELE-4001,Copper Cable 4 Core 16 sqmm Armoured,Electrical,BEML,MTR,138363,125925,YES,READY TO SHARE
NAT-ELE-4001,Copper Cable 4 Core 16 sqmm Armoured,Electrical,GRSE,MTR,123860,111055,YES,READY TO SHARE
NAT-MHE-7001,Rubber Conveyor Belt EP400/3 1000mm Width,Material Handling,ONGC,MTR,152874,136403,YES,READY TO SHARE
NAT-MHE-7001,Rubber Conveyor Belt EP400/3 1000mm Width,Material Handling,IOCL,MTR,96050,85853,YES,READY TO SHARE
NAT-MHE-7001,Rubber Conveyor Belt EP400/3 1000mm Width,Material Handling,BPCL,MTR,178988,161331,YES,READY TO SHARE
NAT-MHE-7001,Rubber Conveyor Belt EP400/3 1000mm Width,Material Handling,GAIL,MTR,124541,112938,YES,READY TO SHARE
NAT-MHE-7001,Rubber Conveyor Belt EP400/3 1000mm Width,Material Handling,OIL,MTR,123180,111333,YES,READY TO SHARE
NAT-MHE-7001,Rubber Conveyor Belt EP400/3 1000mm Width,Material Handling,NTPC,MTR,60928,52644,YES,READY TO SHARE
NAT-MHE-7001,Rubber Conveyor Belt EP400/3 1000mm Width,Material Handling,POWERGRID,MTR,100906,88456,YES,READY TO SHARE
NAT-MHE-7001,Rubber Conveyor Belt EP400/3 1000mm Width,Material Handling,NHPC,MTR,84164,76243,YES,READY TO SHARE
NAT-MHE-7001,Rubber Conveyor Belt EP400/3 1000mm Width,Material Handling,SJVN,MTR,185374,166046,YES,READY TO SHARE
NAT-MHE-7001,Rubber Conveyor Belt EP400/3 1000mm Width,Material Handling,SAIL,MTR,78375,71017,YES,READY TO SHARE
NAT-MHE-7001,Rubber Conveyor Belt EP400/3 1000mm Width,Material Handling,RINL,MTR,140859,124618,YES,READY TO SHARE
NAT-MHE-7001,Rubber Conveyor Belt EP400/3 1000mm Width,Material Handling,NMDC_STEEL,MTR,93956,83205,YES,READY TO SHARE
NAT-MHE-7001,Rubber Conveyor Belt EP400/3 1000mm Width,Material Handling,COAL_INDIA,MTR,134172,119774,YES,READY TO SHARE
NAT-MHE-7001,Rubber Conveyor Belt EP400/3 1000mm Width,Material Handling,NMDC,MTR,71313,63675,YES,READY TO SHARE
NAT-MHE-7001,Rubber Conveyor Belt EP400/3 1000mm Width,Material Handling,NALCO,MTR,123876,109193,YES,READY TO SHARE
NAT-MHE-7001,Rubber Conveyor Belt EP400/3 1000mm Width,Material Handling,HCL,MTR,170520,153320,YES,READY TO SHARE
NAT-MHE-7001,Rubber Conveyor Belt EP400/3 1000mm Width,Material Handling,BHEL,MTR,85987,76436,YES,READY TO SHARE
NAT-MHE-7001,Rubber Conveyor Belt EP400/3 1000mm Width,Material Handling,BEML,MTR,123858,110534,YES,READY TO SHARE
NAT-MHE-7001,Rubber Conveyor Belt EP400/3 1000mm Width,Material Handling,GRSE,MTR,135182,119197,YES,READY TO SHARE
NAT-FAS-2003,Stainless Steel Nut M12,Fasteners,ONGC,NOS,111567,101308,YES,READY TO SHARE
NAT-FAS-2003,Stainless Steel Nut M12,Fasteners,IOCL,NOS,107911,95260,YES,READY TO SHARE
NAT-FAS-2003,Stainless Steel Nut M12,Fasteners,BPCL,NOS,182675,163017,YES,READY TO SHARE
NAT-FAS-2003,Stainless Steel Nut M12,Fasteners,GAIL,NOS,184825,164636,YES,READY TO SHARE
NAT-FAS-2003,Stainless Steel Nut M12,Fasteners,OIL,NOS,144131,129196,YES,READY TO SHARE
NAT-FAS-2003,Stainless Steel Nut M12,Fasteners,NTPC,NOS,95941,85486,YES,READY TO SHARE
NAT-FAS-2003,Stainless Steel Nut M12,Fasteners,POWERGRID,NOS,118530,103439,YES,READY TO SHARE
NAT-FAS-2003,Stainless Steel Nut M12,Fasteners,NHPC,NOS,54675,47845,YES,READY TO SHARE
NAT-FAS-2003,Stainless Steel Nut M12,Fasteners,SJVN,NOS,142440,125340,YES,READY TO SHARE
NAT-FAS-2003,Stainless Steel Nut M12,Fasteners,SAIL,NOS,104178,93382,YES,READY TO SHARE
NAT-FAS-2003,Stainless Steel Nut M12,Fasteners,RINL,NOS,91012,79918,YES,READY TO SHARE
NAT-FAS-2003,Stainless Steel Nut M12,Fasteners,NMDC_STEEL,NOS,122481,110745,YES,READY TO SHARE
NAT-FAS-2003,Stainless Steel Nut M12,Fasteners,COAL_INDIA,NOS,137813,122859,YES,READY TO SHARE
NAT-FAS-2003,Stainless Steel Nut M12,Fasteners,NMDC,NOS,60421,53759,YES,READY TO SHARE
NAT-FAS-2003,Stainless Steel Nut M12,Fasteners,NALCO,NOS,123650,109657,YES,READY TO SHARE
NAT-FAS-2003,Stainless Steel Nut M12,Fasteners,HCL,NOS,129060,114721,YES,READY TO SHARE
NAT-FAS-2003,Stainless Steel Nut M12,Fasteners,BHEL,NOS,164650,146635,YES,READY TO SHARE
NAT-FAS-2003,Stainless Steel Nut M12,Fasteners,BEML,NOS,111767,96123,YES,READY TO SHARE
NAT-FAS-2003,Stainless Steel Nut M12,Fasteners,GRSE,NOS,137800,123685,YES,READY TO SHARE
NAT-CHM-6001,Industrial Lubricant Shell Tellus S2 V46 208L,Lubricants,ONGC,DRM,112222,101129,YES,READY TO SHARE
NAT-CHM-6001,Industrial Lubricant Shell Tellus S2 V46 208L,Lubricants,IOCL,DRM,70421,61736,YES,READY TO SHARE
NAT-CHM-6001,Industrial Lubricant Shell Tellus S2 V46 208L,Lubricants,BPCL,DRM,157575,140777,YES,READY TO SHARE
NAT-CHM-6001,Industrial Lubricant Shell Tellus S2 V46 208L,Lubricants,GAIL,DRM,142781,127449,YES,READY TO SHARE
NAT-CHM-6001,Industrial Lubricant Shell Tellus S2 V46 208L,Lubricants,OIL,DRM,93183,82354,YES,READY TO SHARE
NAT-CHM-6001,Industrial Lubricant Shell Tellus S2 V46 208L,Lubricants,NTPC,DRM,94056,84630,YES,READY TO SHARE
NAT-CHM-6001,Industrial Lubricant Shell Tellus S2 V46 208L,Lubricants,POWERGRID,DRM,129810,115251,YES,READY TO SHARE
NAT-CHM-6001,Industrial Lubricant Shell Tellus S2 V46 208L,Lubricants,NHPC,DRM,89242,78741,YES,READY TO SHARE
NAT-CHM-6001,Industrial Lubricant Shell Tellus S2 V46 208L,Lubricants,SJVN,DRM,154956,140471,YES,READY TO SHARE
NAT-CHM-6001,Industrial Lubricant Shell Tellus S2 V46 208L,Lubricants,SAIL,DRM,88715,78160,YES,READY TO SHARE
NAT-CHM-6001,Industrial Lubricant Shell Tellus S2 V46 208L,Lubricants,RINL,DRM,100065,87092,YES,READY TO SHARE
NAT-CHM-6001,Industrial Lubricant Shell Tellus S2 V46 208L,Lubricants,NMDC_STEEL,DRM,97771,87849,YES,READY TO SHARE
NAT-CHM-6001,Industrial Lubricant Shell Tellus S2 V46 208L,Lubricants,COAL_INDIA,DRM,136669,121952,YES,READY TO SHARE
NAT-CHM-6001,Industrial Lubricant Shell Tellus S2 V46 208L,Lubricants,NMDC,DRM,61921,55061,YES,READY TO SHARE
NAT-CHM-6001,Industrial Lubricant Shell Tellus S2 V46 208L,Lubricants,NALCO,DRM,171096,152806,YES,READY TO SHARE
NAT-CHM-6001,Industrial Lubricant Shell Tellus S2 V46 208L,Lubricants,HCL,DRM,138080,123653,YES,READY TO SHARE
NAT-CHM-6001,Industrial Lubricant Shell Tellus S2 V46 208L,Lubricants,BHEL,DRM,164760,147515,YES,READY TO SHARE
NAT-CHM-6001,Industrial Lubricant Shell Tellus S2 V46 208L,Lubricants,BEML,DRM,125324,112002,YES,READY TO SHARE
NAT-CHM-6001,Industrial Lubricant Shell Tellus S2 V46 208L,Lubricants,GRSE,DRM,103556,92051,YES,READY TO SHARE
NAT-PVF-3003,Stainless Steel Pipe 304L 2 inch SCH 10,Pipes,ONGC,MTR,104075,91306,YES,READY TO SHARE
NAT-PVF-3003,Stainless Steel Pipe 304L 2 inch SCH 10,Pipes,IOCL,MTR,103632,92492,YES,READY TO SHARE
NAT-PVF-3003,Stainless Steel Pipe 304L 2 inch SCH 10,Pipes,BPCL,MTR,131123,116943,YES,READY TO SHARE
NAT-PVF-3003,Stainless Steel Pipe 304L 2 inch SCH 10,Pipes,GAIL,MTR,150939,136572,YES,READY TO SHARE
NAT-PVF-3003,Stainless Steel Pipe 304L 2 inch SCH 10,Pipes,OIL,MTR,105525,92519,YES,READY TO SHARE
NAT-PVF-3003,Stainless Steel Pipe 304L 2 inch SCH 10,Pipes,NTPC,MTR,55532,48076,YES,READY TO SHARE
NAT-PVF-3003,Stainless Steel Pipe 304L 2 inch SCH 10,Pipes,POWERGRID,MTR,143628,129689,YES,READY TO SHARE
NAT-PVF-3003,Stainless Steel Pipe 304L 2 inch SCH 10,Pipes,NHPC,MTR,51094,46146,YES,READY TO SHARE
NAT-PVF-3003,Stainless Steel Pipe 304L 2 inch SCH 10,Pipes,SJVN,MTR,207721,183344,YES,READY TO SHARE
NAT-PVF-3003,Stainless Steel Pipe 304L 2 inch SCH 10,Pipes,SAIL,MTR,93885,83393,YES,READY TO SHARE
NAT-PVF-3003,Stainless Steel Pipe 304L 2 inch SCH 10,Pipes,RINL,MTR,100333,89015,YES,READY TO SHARE
NAT-PVF-3003,Stainless Steel Pipe 304L 2 inch SCH 10,Pipes,NMDC_STEEL,MTR,79491,70360,YES,READY TO SHARE
NAT-PVF-3003,Stainless Steel Pipe 304L 2 inch SCH 10,Pipes,COAL_INDIA,MTR,134812,116318,YES,READY TO SHARE
NAT-PVF-3003,Stainless Steel Pipe 304L 2 inch SCH 10,Pipes,NMDC,MTR,63606,56484,YES,READY TO SHARE
NAT-PVF-3003,Stainless Steel Pipe 304L 2 inch SCH 10,Pipes,NALCO,MTR,167820,151099,YES,READY TO SHARE
NAT-PVF-3003,Stainless Steel Pipe 304L 2 inch SCH 10,Pipes,HCL,MTR,150351,133309,YES,READY TO SHARE
NAT-PVF-3003,Stainless Steel Pipe 304L 2 inch SCH 10,Pipes,BHEL,MTR,117283,102563,YES,READY TO SHARE
NAT-PVF-3003,Stainless Steel Pipe 304L 2 inch SCH 10,Pipes,BEML,MTR,101094,88608,YES,READY TO SHARE
NAT-PVF-3003,Stainless Steel Pipe 304L 2 inch SCH 10,Pipes,GRSE,MTR,158638,142778,YES,READY TO SHARE
NAT-ELE-4003,Distribution Transformer 500 kVA 11kV/433V,Electrical Equipment,ONGC,EA,129958,117247,YES,READY TO SHARE
NAT-ELE-4003,Distribution Transformer 500 kVA 11kV/433V,Electrical Equipment,IOCL,EA,98687,87657,YES,READY TO SHARE
NAT-ELE-4003,Distribution Transformer 500 kVA 11kV/433V,Electrical Equipment,BPCL,EA,135564,122665,YES,READY TO SHARE
NAT-ELE-4003,Distribution Transformer 500 kVA 11kV/433V,Electrical Equipment,GAIL,EA,141286,126645,YES,READY TO SHARE
NAT-ELE-4003,Distribution Transformer 500 kVA 11kV/433V,Electrical Equipment,OIL,EA,128733,117808,YES,READY TO SHARE
NAT-ELE-4003,Distribution Transformer 500 kVA 11kV/433V,Electrical Equipment,NTPC,EA,59327,52270,YES,READY TO SHARE
NAT-ELE-4003,Distribution Transformer 500 kVA 11kV/433V,Electrical Equipment,POWERGRID,EA,101909,88242,YES,READY TO SHARE
NAT-ELE-4003,Distribution Transformer 500 kVA 11kV/433V,Electrical Equipment,NHPC,EA,70438,61691,YES,READY TO SHARE
NAT-ELE-4003,Distribution Transformer 500 kVA 11kV/433V,Electrical Equipment,SJVN,EA,178805,156683,YES,READY TO SHARE
NAT-ELE-4003,Distribution Transformer 500 kVA 11kV/433V,Electrical Equipment,SAIL,EA,112919,100553,YES,READY TO SHARE
NAT-ELE-4003,Distribution Transformer 500 kVA 11kV/433V,Electrical Equipment,RINL,EA,150735,134304,YES,READY TO SHARE
NAT-ELE-4003,Distribution Transformer 500 kVA 11kV/433V,Electrical Equipment,NMDC_STEEL,EA,101632,91365,YES,READY TO SHARE
NAT-ELE-4003,Distribution Transformer 500 kVA 11kV/433V,Electrical Equipment,COAL_INDIA,EA,138970,125833,YES,READY TO SHARE
NAT-ELE-4003,Distribution Transformer 500 kVA 11kV/433V,Electrical Equipment,NMDC,EA,39540,36219,YES,READY TO SHARE
NAT-ELE-4003,Distribution Transformer 500 kVA 11kV/433V,Electrical Equipment,NALCO,EA,92867,83039,YES,READY TO SHARE
NAT-ELE-4003,Distribution Transformer 500 kVA 11kV/433V,Electrical Equipment,HCL,EA,156804,142037,YES,READY TO SHARE
NAT-ELE-4003,Distribution Transformer 500 kVA 11kV/433V,Electrical Equipment,BHEL,EA,160503,144111,YES,READY TO SHARE
NAT-ELE-4003,Distribution Transformer 500 kVA 11kV/433V,Electrical Equipment,BEML,EA,139020,124308,YES,READY TO SHARE
NAT-ELE-4003,Distribution Transformer 500 kVA 11kV/433V,Electrical Equipment,GRSE,EA,129066,114702,YES,READY TO SHARE
NAT-MEC-1003,FAG Cylindrical Roller Bearing NU310,Mechanical,ONGC,EA,134517,121566,YES,READY TO SHARE
NAT-MEC-1003,FAG Cylindrical Roller Bearing NU310,Mechanical,IOCL,EA,102643,91558,YES,READY TO SHARE
NAT-MEC-1003,FAG Cylindrical Roller Bearing NU310,Mechanical,BPCL,EA,193481,173158,YES,READY TO SHARE
NAT-MEC-1003,FAG Cylindrical Roller Bearing NU310,Mechanical,GAIL,EA,110129,96153,YES,READY TO SHARE
NAT-MEC-1003,FAG Cylindrical Roller Bearing NU310,Mechanical,OIL,EA,89583,81233,YES,READY TO SHARE
NAT-MEC-1003,FAG Cylindrical Roller Bearing NU310,Mechanical,NTPC,EA,60947,52834,YES,READY TO SHARE
NAT-MEC-1003,FAG Cylindrical Roller Bearing NU310,Mechanical,POWERGRID,EA,137411,123244,YES,READY TO SHARE
NAT-MEC-1003,FAG Cylindrical Roller Bearing NU310,Mechanical,NHPC,EA,84160,74192,YES,READY TO SHARE
NAT-MEC-1003,FAG Cylindrical Roller Bearing NU310,Mechanical,SJVN,EA,162741,145341,YES,READY TO SHARE
NAT-MEC-1003,FAG Cylindrical Roller Bearing NU310,Mechanical,SAIL,EA,78942,69565,YES,READY TO SHARE
NAT-MEC-1003,FAG Cylindrical Roller Bearing NU310,Mechanical,RINL,EA,150118,134899,YES,READY TO SHARE
NAT-MEC-1003,FAG Cylindrical Roller Bearing NU310,Mechanical,NMDC_STEEL,EA,80867,72863,YES,READY TO SHARE
NAT-MEC-1003,FAG Cylindrical Roller Bearing NU310,Mechanical,COAL_INDIA,EA,139660,125232,YES,READY TO SHARE
NAT-MEC-1003,FAG Cylindrical Roller Bearing NU310,Mechanical,NMDC,EA,66923,60990,YES,READY TO SHARE
NAT-MEC-1003,FAG Cylindrical Roller Bearing NU310,Mechanical,NALCO,EA,150953,133767,YES,READY TO SHARE
NAT-MEC-1003,FAG Cylindrical Roller Bearing NU310,Mechanical,HCL,EA,130014,114736,YES,READY TO SHARE
NAT-MEC-1003,FAG Cylindrical Roller Bearing NU310,Mechanical,BHEL,EA,153950,135492,YES,READY TO SHARE
NAT-MEC-1003,FAG Cylindrical Roller Bearing NU310,Mechanical,BEML,EA,133191,121485,YES,READY TO SHARE
NAT-MEC-1003,FAG Cylindrical Roller Bearing NU310,Mechanical,GRSE,EA,100407,90192,YES,READY TO SHARE
NAT-PVF-3002,Seamless Carbon Steel Pipe 12 inch SCH 80,Pipes,ONGC,MTR,119967,108385,YES,READY TO SHARE
NAT-PVF-3002,Seamless Carbon Steel Pipe 12 inch SCH 80,Pipes,IOCL,MTR,80306,71689,YES,READY TO SHARE
NAT-PVF-3002,Seamless Carbon Steel Pipe 12 inch SCH 80,Pipes,BPCL,MTR,142208,124989,YES,READY TO SHARE
NAT-PVF-3002,Seamless Carbon Steel Pipe 12 inch SCH 80,Pipes,GAIL,MTR,122268,108817,YES,READY TO SHARE
NAT-PVF-3002,Seamless Carbon Steel Pipe 12 inch SCH 80,Pipes,OIL,MTR,141606,130619,YES,READY TO SHARE
NAT-PVF-3002,Seamless Carbon Steel Pipe 12 inch SCH 80,Pipes,NTPC,MTR,68328,60050,YES,READY TO SHARE
NAT-PVF-3002,Seamless Carbon Steel Pipe 12 inch SCH 80,Pipes,POWERGRID,MTR,120298,107276,YES,READY TO SHARE
NAT-PVF-3002,Seamless Carbon Steel Pipe 12 inch SCH 80,Pipes,NHPC,MTR,99544,89692,YES,READY TO SHARE
NAT-PVF-3002,Seamless Carbon Steel Pipe 12 inch SCH 80,Pipes,SJVN,MTR,188003,168831,YES,READY TO SHARE
NAT-PVF-3002,Seamless Carbon Steel Pipe 12 inch SCH 80,Pipes,SAIL,MTR,97751,87728,YES,READY TO SHARE
NAT-PVF-3002,Seamless Carbon Steel Pipe 12 inch SCH 80,Pipes,RINL,MTR,113712,99615,YES,READY TO SHARE
NAT-PVF-3002,Seamless Carbon Steel Pipe 12 inch SCH 80,Pipes,NMDC_STEEL,MTR,153384,137812,YES,READY TO SHARE
NAT-PVF-3002,Seamless Carbon Steel Pipe 12 inch SCH 80,Pipes,COAL_INDIA,MTR,163958,147437,YES,READY TO SHARE
NAT-PVF-3002,Seamless Carbon Steel Pipe 12 inch SCH 80,Pipes,NMDC,MTR,77969,69909,YES,READY TO SHARE
NAT-PVF-3002,Seamless Carbon Steel Pipe 12 inch SCH 80,Pipes,NALCO,MTR,138159,123001,YES,READY TO SHARE
NAT-PVF-3002,Seamless Carbon Steel Pipe 12 inch SCH 80,Pipes,HCL,MTR,152346,136382,YES,READY TO SHARE
NAT-PVF-3002,Seamless Carbon Steel Pipe 12 inch SCH 80,Pipes,BHEL,MTR,171333,155774,YES,READY TO SHARE
NAT-PVF-3002,Seamless Carbon Steel Pipe 12 inch SCH 80,Pipes,BEML,MTR,127041,113141,YES,READY TO SHARE
NAT-PVF-3002,Seamless Carbon Steel Pipe 12 inch SCH 80,Pipes,GRSE,MTR,133399,119510,YES,READY TO SHARE
NAT-PPE-5001,Safety Shoes Leather Steel Toe Size 9,Safety,ONGC,PRS,154853,139222,YES,READY TO SHARE
NAT-PPE-5001,Safety Shoes Leather Steel Toe Size 9,Safety,IOCL,PRS,87984,78447,YES,READY TO SHARE
NAT-PPE-5001,Safety Shoes Leather Steel Toe Size 9,Safety,BPCL,PRS,134759,118645,YES,READY TO SHARE
NAT-PPE-5001,Safety Shoes Leather Steel Toe Size 9,Safety,GAIL,PRS,98872,87963,YES,READY TO SHARE
NAT-PPE-5001,Safety Shoes Leather Steel Toe Size 9,Safety,OIL,PRS,133548,121564,YES,READY TO SHARE
NAT-PPE-5001,Safety Shoes Leather Steel Toe Size 9,Safety,NTPC,PRS,79795,70156,YES,READY TO SHARE
NAT-PPE-5001,Safety Shoes Leather Steel Toe Size 9,Safety,POWERGRID,PRS,115876,105023,YES,READY TO SHARE
NAT-PPE-5001,Safety Shoes Leather Steel Toe Size 9,Safety,NHPC,PRS,98951,87577,YES,READY TO SHARE
NAT-PPE-5001,Safety Shoes Leather Steel Toe Size 9,Safety,SJVN,PRS,180985,160592,YES,READY TO SHARE
NAT-PPE-5001,Safety Shoes Leather Steel Toe Size 9,Safety,SAIL,PRS,95053,84324,YES,READY TO SHARE
NAT-PPE-5001,Safety Shoes Leather Steel Toe Size 9,Safety,RINL,PRS,132951,118067,YES,READY TO SHARE
NAT-PPE-5001,Safety Shoes Leather Steel Toe Size 9,Safety,NMDC_STEEL,PRS,133156,119815,YES,READY TO SHARE
NAT-PPE-5001,Safety Shoes Leather Steel Toe Size 9,Safety,COAL_INDIA,PRS,138464,123439,YES,READY TO SHARE
NAT-PPE-5001,Safety Shoes Leather Steel Toe Size 9,Safety,NMDC,PRS,68115,61958,YES,READY TO SHARE
NAT-PPE-5001,Safety Shoes Leather Steel Toe Size 9,Safety,NALCO,PRS,125598,110061,YES,READY TO SHARE
NAT-PPE-5001,Safety Shoes Leather Steel Toe Size 9,Safety,HCL,PRS,151857,136564,YES,READY TO SHARE
NAT-PPE-5001,Safety Shoes Leather Steel Toe Size 9,Safety,BHEL,PRS,145649,126671,YES,READY TO SHARE
NAT-PPE-5001,Safety Shoes Leather Steel Toe Size 9,Safety,BEML,PRS,161155,145954,YES,READY TO SHARE
NAT-PPE-5001,Safety Shoes Leather Steel Toe Size 9,Safety,GRSE,PRS,114138,101895,YES,READY TO SHARE
NAT-ELE-4004,LED Flood Light 200W IP66 Outdoor,Electrical,ONGC,EA,114730,101364,YES,READY TO SHARE
NAT-ELE-4004,LED Flood Light 200W IP66 Outdoor,Electrical,IOCL,EA,107150,93003,YES,READY TO SHARE
NAT-ELE-4004,LED Flood Light 200W IP66 Outdoor,Electrical,BPCL,EA,158958,139604,YES,READY TO SHARE
NAT-ELE-4004,LED Flood Light 200W IP66 Outdoor,Electrical,GAIL,EA,130338,116648,YES,READY TO SHARE
NAT-ELE-4004,LED Flood Light 200W IP66 Outdoor,Electrical,OIL,EA,106822,95487,YES,READY TO SHARE
NAT-ELE-4004,LED Flood Light 200W IP66 Outdoor,Electrical,NTPC,EA,65402,56605,YES,READY TO SHARE
NAT-ELE-4004,LED Flood Light 200W IP66 Outdoor,Electrical,POWERGRID,EA,84743,76804,YES,READY TO SHARE
NAT-ELE-4004,LED Flood Light 200W IP66 Outdoor,Electrical,NHPC,EA,66487,60341,YES,READY TO SHARE
NAT-ELE-4004,LED Flood Light 200W IP66 Outdoor,Electrical,SJVN,EA,144136,127084,YES,READY TO SHARE
NAT-ELE-4004,LED Flood Light 200W IP66 Outdoor,Electrical,SAIL,EA,72996,66655,YES,READY TO SHARE
NAT-ELE-4004,LED Flood Light 200W IP66 Outdoor,Electrical,RINL,EA,90490,80885,YES,READY TO SHARE
NAT-ELE-4004,LED Flood Light 200W IP66 Outdoor,Electrical,NMDC_STEEL,EA,110788,100178,YES,READY TO SHARE
NAT-ELE-4004,LED Flood Light 200W IP66 Outdoor,Electrical,COAL_INDIA,EA,161796,145586,YES,READY TO SHARE
NAT-ELE-4004,LED Flood Light 200W IP66 Outdoor,Electrical,NMDC,EA,50658,43843,YES,READY TO SHARE
NAT-ELE-4004,LED Flood Light 200W IP66 Outdoor,Electrical,NALCO,EA,167587,147825,YES,READY TO SHARE
NAT-ELE-4004,LED Flood Light 200W IP66 Outdoor,Electrical,HCL,EA,123294,109406,YES,READY TO SHARE
NAT-ELE-4004,LED Flood Light 200W IP66 Outdoor,Electrical,BHEL,EA,188043,169040,YES,READY TO SHARE
NAT-ELE-4004,LED Flood Light 200W IP66 Outdoor,Electrical,BEML,EA,173772,157678,YES,READY TO SHARE
NAT-ELE-4004,LED Flood Light 200W IP66 Outdoor,Electrical,GRSE,EA,109968,95969,YES,READY TO SHARE
NAT-PVF-3004,Gate Valve Cast Iron 4 inch Flanged,Valves,ONGC,EA,81073,71267,YES,READY TO SHARE
NAT-PVF-3004,Gate Valve Cast Iron 4 inch Flanged,Valves,IOCL,EA,75408,65658,YES,READY TO SHARE
NAT-PVF-3004,Gate Valve Cast Iron 4 inch Flanged,Valves,BPCL,EA,125145,111477,YES,READY TO SHARE
NAT-PVF-3004,Gate Valve Cast Iron 4 inch Flanged,Valves,GAIL,EA,122141,109803,YES,READY TO SHARE
NAT-PVF-3004,Gate Valve Cast Iron 4 inch Flanged,Valves,OIL,EA,141175,128184,YES,READY TO SHARE
NAT-PVF-3004,Gate Valve Cast Iron 4 inch Flanged,Valves,NTPC,EA,90052,81329,YES,READY TO SHARE
NAT-PVF-3004,Gate Valve Cast Iron 4 inch Flanged,Valves,POWERGRID,EA,133077,119394,YES,READY TO SHARE
NAT-PVF-3004,Gate Valve Cast Iron 4 inch Flanged,Valves,NHPC,EA,69219,61891,YES,READY TO SHARE
NAT-PVF-3004,Gate Valve Cast Iron 4 inch Flanged,Valves,SJVN,EA,145506,129588,YES,READY TO SHARE
NAT-PVF-3004,Gate Valve Cast Iron 4 inch Flanged,Valves,SAIL,EA,85296,75826,YES,READY TO SHARE
NAT-PVF-3004,Gate Valve Cast Iron 4 inch Flanged,Valves,RINL,EA,158927,143174,YES,READY TO SHARE
NAT-PVF-3004,Gate Valve Cast Iron 4 inch Flanged,Valves,NMDC_STEEL,EA,145383,129247,YES,READY TO SHARE
NAT-PVF-3004,Gate Valve Cast Iron 4 inch Flanged,Valves,COAL_INDIA,EA,127920,114178,YES,READY TO SHARE
NAT-PVF-3004,Gate Valve Cast Iron 4 inch Flanged,Valves,NMDC,EA,59624,53804,YES,READY TO SHARE
NAT-PVF-3004,Gate Valve Cast Iron 4 inch Flanged,Valves,NALCO,EA,171173,153962,YES,READY TO SHARE
NAT-PVF-3004,Gate Valve Cast Iron 4 inch Flanged,Valves,HCL,EA,177657,157810,YES,READY TO SHARE
NAT-PVF-3004,Gate Valve Cast Iron 4 inch Flanged,Valves,BHEL,EA,149251,133771,YES,READY TO SHARE
NAT-PVF-3004,Gate Valve Cast Iron 4 inch Flanged,Valves,BEML,EA,127689,114365,YES,READY TO SHARE
NAT-PVF-3004,Gate Valve Cast Iron 4 inch Flanged,Valves,GRSE,EA,153807,136684,YES,READY TO SHARE
NAT-PVF-3001,Seamless Carbon Steel Pipe 8 inch SCH 40,Pipes,ONGC,MTR,136904,122977,YES,READY TO SHARE
NAT-PVF-3001,Seamless Carbon Steel Pipe 8 inch SCH 40,Pipes,IOCL,MTR,127628,112697,YES,READY TO SHARE
NAT-PVF-3001,Seamless Carbon Steel Pipe 8 inch SCH 40,Pipes,BPCL,MTR,196753,175113,YES,READY TO SHARE
NAT-PVF-3001,Seamless Carbon Steel Pipe 8 inch SCH 40,Pipes,GAIL,MTR,115394,104101,YES,READY TO SHARE
NAT-PVF-3001,Seamless Carbon Steel Pipe 8 inch SCH 40,Pipes,OIL,MTR,102689,92167,YES,READY TO SHARE
NAT-PVF-3001,Seamless Carbon Steel Pipe 8 inch SCH 40,Pipes,NTPC,MTR,88508,79163,YES,READY TO SHARE
NAT-PVF-3001,Seamless Carbon Steel Pipe 8 inch SCH 40,Pipes,POWERGRID,MTR,126751,113348,YES,READY TO SHARE
NAT-PVF-3001,Seamless Carbon Steel Pipe 8 inch SCH 40,Pipes,NHPC,MTR,92911,85390,YES,READY TO SHARE
NAT-PVF-3001,Seamless Carbon Steel Pipe 8 inch SCH 40,Pipes,SJVN,MTR,154528,139138,YES,READY TO SHARE
NAT-PVF-3001,Seamless Carbon Steel Pipe 8 inch SCH 40,Pipes,SAIL,MTR,96833,86152,YES,READY TO SHARE
NAT-PVF-3001,Seamless Carbon Steel Pipe 8 inch SCH 40,Pipes,RINL,MTR,86152,75759,YES,READY TO SHARE
NAT-PVF-3001,Seamless Carbon Steel Pipe 8 inch SCH 40,Pipes,NMDC_STEEL,MTR,61229,54059,YES,READY TO SHARE
NAT-PVF-3001,Seamless Carbon Steel Pipe 8 inch SCH 40,Pipes,COAL_INDIA,MTR,126752,112293,YES,READY TO SHARE
NAT-PVF-3001,Seamless Carbon Steel Pipe 8 inch SCH 40,Pipes,NMDC,MTR,84134,77511,YES,READY TO SHARE
NAT-PVF-3001,Seamless Carbon Steel Pipe 8 inch SCH 40,Pipes,NALCO,MTR,158237,139692,YES,READY TO SHARE
NAT-PVF-3001,Seamless Carbon Steel Pipe 8 inch SCH 40,Pipes,HCL,MTR,141068,126930,YES,READY TO SHARE
NAT-PVF-3001,Seamless Carbon Steel Pipe 8 inch SCH 40,Pipes,BHEL,MTR,143021,125260,YES,READY TO SHARE
NAT-PVF-3001,Seamless Carbon Steel Pipe 8 inch SCH 40,Pipes,BEML,MTR,143510,128876,YES,READY TO SHARE
NAT-PVF-3001,Seamless Carbon Steel Pipe 8 inch SCH 40,Pipes,GRSE,MTR,140510,124797,YES,READY TO SHARE
NAT-CHM-6002,Castrol Magna GC 68 Gear Oil 20L,Lubricants,ONGC,CAN,109968,100114,YES,READY TO SHARE
NAT-CHM-6002,Castrol Magna GC 68 Gear Oil 20L,Lubricants,IOCL,CAN,94354,84045,YES,READY TO SHARE
NAT-CHM-6002,Castrol Magna GC 68 Gear Oil 20L,Lubricants,BPCL,CAN,177940,161018,YES,READY TO SHARE
NAT-CHM-6002,Castrol Magna GC 68 Gear Oil 20L,Lubricants,GAIL,CAN,127452,115942,YES,READY TO SHARE
NAT-CHM-6002,Castrol Magna GC 68 Gear Oil 20L,Lubricants,OIL,CAN,118341,107829,YES,READY TO SHARE
NAT-CHM-6002,Castrol Magna GC 68 Gear Oil 20L,Lubricants,NTPC,CAN,85573,75954,YES,READY TO SHARE
NAT-CHM-6002,Castrol Magna GC 68 Gear Oil 20L,Lubricants,POWERGRID,CAN,140722,128330,YES,READY TO SHARE
NAT-CHM-6002,Castrol Magna GC 68 Gear Oil 20L,Lubricants,NHPC,CAN,93852,84230,YES,READY TO SHARE
NAT-CHM-6002,Castrol Magna GC 68 Gear Oil 20L,Lubricants,SJVN,CAN,182722,164679,YES,READY TO SHARE
NAT-CHM-6002,Castrol Magna GC 68 Gear Oil 20L,Lubricants,SAIL,CAN,105967,93895,YES,READY TO SHARE
NAT-CHM-6002,Castrol Magna GC 68 Gear Oil 20L,Lubricants,RINL,CAN,167271,152195,YES,READY TO SHARE
NAT-CHM-6002,Castrol Magna GC 68 Gear Oil 20L,Lubricants,NMDC_STEEL,CAN,96214,85007,YES,READY TO SHARE
NAT-CHM-6002,Castrol Magna GC 68 Gear Oil 20L,Lubricants,COAL_INDIA,CAN,126312,113354,YES,READY TO SHARE
NAT-CHM-6002,Castrol Magna GC 68 Gear Oil 20L,Lubricants,NMDC,CAN,64215,57057,YES,READY TO SHARE
NAT-CHM-6002,Castrol Magna GC 68 Gear Oil 20L,Lubricants,NALCO,CAN,179113,159909,YES,READY TO SHARE
NAT-CHM-6002,Castrol Magna GC 68 Gear Oil 20L,Lubricants,HCL,CAN,165041,145984,YES,READY TO SHARE
NAT-CHM-6002,Castrol Magna GC 68 Gear Oil 20L,Lubricants,BHEL,CAN,162529,148460,YES,READY TO SHARE
NAT-CHM-6002,Castrol Magna GC 68 Gear Oil 20L,Lubricants,BEML,CAN,153611,138920,YES,READY TO SHARE
NAT-CHM-6002,Castrol Magna GC 68 Gear Oil 20L,Lubricants,GRSE,CAN,144853,130259,YES,READY TO SHARE
NAT-ELE-4002,Copper Cable 3 Core 35 sqmm Armoured,Electrical,ONGC,MTR,123081,110361,YES,READY TO SHARE
NAT-ELE-4002,Copper Cable 3 Core 35 sqmm Armoured,Electrical,IOCL,MTR,103331,91481,YES,READY TO SHARE
NAT-ELE-4002,Copper Cable 3 Core 35 sqmm Armoured,Electrical,BPCL,MTR,143455,127080,YES,READY TO SHARE
NAT-ELE-4002,Copper Cable 3 Core 35 sqmm Armoured,Electrical,GAIL,MTR,111224,97914,YES,READY TO SHARE
NAT-ELE-4002,Copper Cable 3 Core 35 sqmm Armoured,Electrical,OIL,MTR,81293,72116,YES,READY TO SHARE
NAT-ELE-4002,Copper Cable 3 Core 35 sqmm Armoured,Electrical,NTPC,MTR,63431,57958,YES,READY TO SHARE
NAT-ELE-4002,Copper Cable 3 Core 35 sqmm Armoured,Electrical,POWERGRID,MTR,116434,106125,YES,READY TO SHARE
NAT-ELE-4002,Copper Cable 3 Core 35 sqmm Armoured,Electrical,NHPC,MTR,58895,52319,YES,READY TO SHARE
NAT-ELE-4002,Copper Cable 3 Core 35 sqmm Armoured,Electrical,SJVN,MTR,135899,119846,YES,READY TO SHARE
NAT-ELE-4002,Copper Cable 3 Core 35 sqmm Armoured,Electrical,SAIL,MTR,87223,76058,YES,READY TO SHARE
NAT-ELE-4002,Copper Cable 3 Core 35 sqmm Armoured,Electrical,RINL,MTR,140449,125367,YES,READY TO SHARE
NAT-ELE-4002,Copper Cable 3 Core 35 sqmm Armoured,Electrical,NMDC_STEEL,MTR,128276,115492,YES,READY TO SHARE
NAT-ELE-4002,Copper Cable 3 Core 35 sqmm Armoured,Electrical,COAL_INDIA,MTR,159838,143634,YES,READY TO SHARE
NAT-ELE-4002,Copper Cable 3 Core 35 sqmm Armoured,Electrical,NMDC,MTR,81134,73220,YES,READY TO SHARE
NAT-ELE-4002,Copper Cable 3 Core 35 sqmm Armoured,Electrical,NALCO,MTR,171884,154417,YES,READY TO SHARE
NAT-ELE-4002,Copper Cable 3 Core 35 sqmm Armoured,Electrical,HCL,MTR,134850,119899,YES,READY TO SHARE
NAT-ELE-4002,Copper Cable 3 Core 35 sqmm Armoured,Electrical,BHEL,MTR,156089,138287,YES,READY TO SHARE
NAT-ELE-4002,Copper Cable 3 Core 35 sqmm Armoured,Electrical,BEML,MTR,150666,135127,YES,READY TO SHARE
NAT-ELE-4002,Copper Cable 3 Core 35 sqmm Armoured,Electrical,GRSE,MTR,169712,151089,YES,READY TO SHARE
NAT-FAS-2002,Hex Bolt High Strength M16 x 75mm,Fasteners,ONGC,NOS,109873,98828,YES,READY TO SHARE
NAT-FAS-2002,Hex Bolt High Strength M16 x 75mm,Fasteners,IOCL,NOS,113617,102346,YES,READY TO SHARE
NAT-FAS-2002,Hex Bolt High Strength M16 x 75mm,Fasteners,BPCL,NOS,150954,134793,YES,READY TO SHARE
NAT-FAS-2002,Hex Bolt High Strength M16 x 75mm,Fasteners,GAIL,NOS,112298,100743,YES,READY TO SHARE
NAT-FAS-2002,Hex Bolt High Strength M16 x 75mm,Fasteners,OIL,NOS,101522,91371,YES,READY TO SHARE
NAT-FAS-2002,Hex Bolt High Strength M16 x 75mm,Fasteners,NTPC,NOS,70334,63967,YES,READY TO SHARE
NAT-FAS-2002,Hex Bolt High Strength M16 x 75mm,Fasteners,POWERGRID,NOS,144568,130499,YES,READY TO SHARE
NAT-FAS-2002,Hex Bolt High Strength M16 x 75mm,Fasteners,NHPC,NOS,77619,68900,YES,READY TO SHARE
NAT-FAS-2002,Hex Bolt High Strength M16 x 75mm,Fasteners,SJVN,NOS,129103,114752,YES,READY TO SHARE
NAT-FAS-2002,Hex Bolt High Strength M16 x 75mm,Fasteners,SAIL,NOS,81309,70831,YES,READY TO SHARE
NAT-FAS-2002,Hex Bolt High Strength M16 x 75mm,Fasteners,RINL,NOS,114836,103418,YES,READY TO SHARE
NAT-FAS-2002,Hex Bolt High Strength M16 x 75mm,Fasteners,NMDC_STEEL,NOS,109319,98628,YES,READY TO SHARE
NAT-FAS-2002,Hex Bolt High Strength M16 x 75mm,Fasteners,COAL_INDIA,NOS,149778,133193,YES,READY TO SHARE
NAT-FAS-2002,Hex Bolt High Strength M16 x 75mm,Fasteners,NMDC,NOS,57041,51068,YES,READY TO SHARE
NAT-FAS-2002,Hex Bolt High Strength M16 x 75mm,Fasteners,NALCO,NOS,186276,165720,YES,READY TO SHARE
NAT-FAS-2002,Hex Bolt High Strength M16 x 75mm,Fasteners,HCL,NOS,181781,163326,YES,READY TO SHARE
NAT-FAS-2002,Hex Bolt High Strength M16 x 75mm,Fasteners,BHEL,NOS,122347,109517,YES,READY TO SHARE
NAT-FAS-2002,Hex Bolt High Strength M16 x 75mm,Fasteners,BEML,NOS,132880,120836,YES,READY TO SHARE
NAT-FAS-2002,Hex Bolt High Strength M16 x 75mm,Fasteners,GRSE,NOS,132028,119483,YES,READY TO SHARE
