Sector,Legacy_System_Code,Material_Description_Raw,Category,Quantity_In_Stock,UOM_Used_By_CPSE
Oil_and_Gas,54276422,LUBE OIL TELLUS S2 V46,Hydraulic Oil,2210,DRM
Oil_and_Gas,36386696,Steel Toe Boot Sz 10,Safety Shoes,1059,SET
Oil_and_Gas,11096084,Light LED 200W Outdoor IP66,LED Flood Light,3490,EA
Oil_and_Gas,22045776,FLANGED GATE VALVE 4 INCH CI,Gate Valve,1517,EA
Oil_and_Gas,94102244,Nut SS M12,Nut,2968,SET
Oil_and_Gas,70961673,SS 304L PIP 2 inch,Pipe,547,MTR
Oil_and_Gas,11802716,cable cu 4cx16 ar,Cable,3082,NOS
Oil_and_Gas,88272916,Yellow SFT Helmet ISI,Safety Helmet,487,EA
Oil_and_Gas,48074926,Light LED 200W Outdoor IP66,LED Flood Light,4498,DRM
Oil_and_Gas,26255772,CBL CU 3C 35 AR,Cable,1088,PC
Oil_and_Gas,28347239,Ball Vlv SS 1in Threaded,Ball Valve,4395,NOS
Oil_and_Gas,85346101,TRANSFORMER 500 KVA 11 KV,Transformer,1850,EA
Oil_and_Gas,60098649,oil gear magna 68 20l,Gear Oil,1079,CAN
Oil_and_Gas,23004781,2in SS Pipe 304L,Pipe,1045,MTR
Oil_and_Gas,94435820,Belt Conveyor EP400 3 1000mm,Conveyor Belt,1212,SET
Oil_and_Gas,64838632,Ball Vlv SS 1in Threaded,Ball Valve,4710,SET
Oil_and_Gas,70005433,4C x 16 sqmm Cu Armoure Cable,Cable,1583,MTR
Oil_and_Gas,11796819,M12 Hex Nut SS,Nut,4640,MTR
Oil_and_Gas,69496209,14inch welding gauntlets,Welding Gloves,2073,PRS
Oil_and_Gas,19225247,Tapered Brg 32210,Bearing,895,MTR
Oil_and_Gas,75541614,Fastener Bolt M1250,Bolt,560,PC
Oil_and_Gas,82201894,Welding Gloves 14 inch Leather,Welding Gloves,3778,KGS
Oil_and_Gas,41946575,PPE SHOE 9 STL,Safety Shoes,4143,PRS
Oil_and_Gas,63988097,Gloves Leather Welding 14in,Welding Gloves,4137,PRS
Oil_and_Gas,31062376,6205 DEEP GROOVE BALL BRG,Bearing,1911,KGS
Oil_and_Gas,49952827,Fastener Bolt M12 50,Bolt,2769,NOS
Oil_and_Gas,22308429,32210 Timken Bearing,Bearing,1400,EA
Oil_and_Gas,16517117,FLANGED GATE VALVE 4 INCH CI,Gate Valve,969,EA
Oil_and_Gas,11335845,Conveyor Belt EP400 1000mm,Conveyor Belt,4301,MTR
Oil_and_Gas,99105363,BRG TAPER ROLLER 32210,Bearing,1791,EA
Oil_and_Gas,98811748,SAFETY SHOE SIZE 9,Safety Shoes,4210,PRS
Oil_and_Gas,13609811,SS Nut M12,Nut,3638,NOS
Oil_and_Gas,41958434,Pipe CS SMLS 8in Sch0,Pipe,2031,MTR
Oil_and_Gas,34929221,Steel Toe Boot Sz 9,Safety Shoes,3885,DRM
Oil_and_Gas,10247790,Flanged Gate Valve  inch CI,Gate Valve,71,EA
Oil_and_Gas,93401341,Bolt He M16 75mm,Bolt,1696,NOS
Oil_and_Gas,79980950,PIPE CS SMLS 8IN SCH40,Pipe,2508,DRM
Oil_and_Gas,32472961,3C X 35 SQMM CU ARMOURED CABLE,Cable,890,KGS
Oil_and_Gas,13078071,PIPE SS304L 2IN SCH0,Pipe,706,MTR
Oil_and_Gas,72060284,Nut Stainless M12,Nut,3228,EA
Oil_and_Gas,85774347,Gate Vlv Cast Iron 4in,Gate Valve,1418,EA
Oil_and_Gas,36817104,S316 Ball Valve 1 inch,Ball Valve,3216,EA
Oil_and_Gas,69961228,Conveyor Belt EP400 1000mm,Conveyor Belt,1797,MTR
Oil_and_Gas,54136155,HT HEX BOL M12X50,Bolt,1286,NOS
Oil_and_Gas,70886404,M16x75 Hex Bolt,Bolt,4100,MTR
Oil_and_Gas,89394027,ss 304l pipe 2 inch,Pipe,3884,MTR
Oil_and_Gas,87517953,pipe cs smls 12in sch80,Pipe,1640,MTR
Oil_and_Gas,88470590,CASTROL MGNA 68 20L,Gear Oil,136,PRS
Oil_and_Gas,66076388,CVB EP400 100,Conveyor Belt,1624,EA
Oil_and_Gas,75682509,SMLS SS 304L 2 INCH,Pipe,2146,SET